title,current_price,normal_price,link
NIKE ROMALEOS 4 SE OLY,"210,00 €","210,00 €",/
NIKE METCON 9 - MUJER,"118,96 €",0%,/blog
NIKE METCON 9 - MUJER,"118,96 €","139,95 €",/challenge
NIKE METCON 9 - MUJER,"118,96 €",-15%,/new
TYR CXT-1 TRAINER - UNISEX,"153,99 €","139,95 €",/hombre
TYR CXT-1 TRAINER - UNISEX,"153,99 €",-15%,/mujer
TYR CXT-1 TRAINER - UNISEX,"153,99 €","139,95 €",/zapatillas
TYR CXT-1 TRAINER - UNISEX,"153,99 €",-15%,/accesorios
TYR CXT-1 TRAINER - UNISEX,"153,99 €","153,99 €",/store/giftcard
NIKE METCON 9 PRM,"111,99 €",0%,/rebajas
NIKE METCON 9 AMP - MUJER,"119,96 €","153,99 €",/zapatillas/nike-romaleos-4-se-oly/169794
NIKE VERSAIR,"111,99 €",0%,/zapatillas/nike-metcon-9-mujer/167790
NIKE METCON 9 PRM - MUJER,"116,00 €","153,99 €",/zapatillas/nike-metcon-9-mujer/168280
NIKE METCON 9 EASYON - MUJER,"111,96 €",0%,/zapatillas/nike-metcon-9-mujer/168281
REEBOK NANO X4 - MUJER,"112,00 €","153,99 €",/zapatillas/tyr-trainer-unisex/169019
REEBOK NANO X4 - MUJER,"112,00 €",0%,/zapatillas/tyr-trainer-unisex/169020
NIKE METCON 9 EASYON - MUJER,"111,96 €","153,99 €",/zapatillas/tyr-trainer-unisex/169021
ADIDAS THE TOTAL - UNISEX,"96,00 €",0%,/zapatillas/tyr-trainer-unisex/119966
NIKE METCON 9 - MUJER,"118,96 €","139,98 €",/zapatillas/tyr-trainer-unisex/169309
TYR CXT-1 TRAINER - UNISEX,"153,99 €",-20%,/zapatillas/nike-metcon9-prm/168304
REEBOK LEGACY LIFTER III - MUJER,"149,96 €","149,95 €",/zapatillas/nike-metcon-9-amp-mujer/168282
NIKE FREE METCON 5 - MUJER,"110,46 €",-20%,/zapatillas/nike-versair/167806
NIKE METCON 9 - MUJER,"118,96 €","139,98 €",/zapatillas/nike-metcon-9-prm-mujer/167810
REEBOK NANO X4 - MUJER,"112,00 €",-20%,/zapatillas/nike-metcon-9-flyease-mujer/167793
REEBOK NANOFLEX TR 2 - MUJER,"59,96 €","144,99 €",/zapatillas/reebok-nano-x4-mujer/167967
REEBOK NANO X4 - MUJER,"112,00 €",-20%,/zapatillas/reebok-nano-x4-mujer/167990
UNDER ARMOUR TRIBASE REIGN 6 - MUJER,"98,00 €","139,95 €",/zapatillas/nike-metcon-9-flyease-mujer/168283
UNDER ARMOUR TRIBASE REIGN 6 - MUJER,"98,00 €",-20%,/zapatillas/adidas-the-total-unisex/168756
UNDER ARMOUR FLOW DYNAMIC - WOMEN,"97,50 €","140,00 €",/zapatillas/nike-metcon-9-mujer/168279
NIKE METCON 9 - MUJER,"83,97 €",-20%,/zapatillas/tyr-trainer-unisex/168401
NIKE MC TRAINER 2 - MUJER,"48,23 €","140,00 €",/zapatillas/reebok-legacy-lifter-iii/167987
ADIDAS POWERLIFT 5 - UNISEX,"87,96 €",-20%,/zapatillas/nike-free-metcon-5-mujer/167785
ADIDAS POWERLIFT 5 - UNISEX,"87,96 €","139,95 €",/zapatillas/nike-metcon-9-mujer/167791
REEBOK NANO X4 - MUJER,"112,00 €",-20%,/zapatillas/reebok-nano-x4-mujer/167968
NIKE METCON 9 - MUJER,"118,96 €","120,00 €",/zapatillas/reebok-nanoflex-tr-2-mujer/168231
ADIDAS SUPERNOVA 2 - MUJER,"88,00 €",-20%,/zapatillas/reebok-nano-x4-mujer/167991
ADIDAS ADIZERO SL - MUJER,"117,00 €","139,95 €",/zapatillas/under-armour-tribase-reign-6-mujer/167764
ADIDAS POWERLIFT 5 - UNISEX,"98,96 €",-15%,/zapatillas/under-armour-tribase-reign-6-mujer/168120
ADIDAS POWERLIFT 5 - UNISEX,"87,96 €","153,99 €",/zapatillas/under-armour-flow-dynamic-women/168134
TYR DROPZERO TRAINER - UNISEX,"140,25 €",0%,/zapatillas/nike-metcon-9-mujer/167789
TYR L-1 LIFTER - UNISEX,"157,49 €","199,95 €",/zapatillas/nike-mc-trainer-2/167375
NIKE METCON 9 AMP - MUJER,"149,95 €",-25%,/zapatillas/adidas-powerlift-5-unisex/168178
REEBOK NANO X3 ADVENTURE,"120,00 €","129,95 €",/zapatillas/adidas-powerlift-5-unisex/168179
REEBOK NANO X3 ADVENTURE,"120,00 €",-15%,/zapatillas/reebok-nano-x4-mujer/167988
REEBOK NANO X3 - MUJER,"98,00 €","139,95 €",/zapatillas/nike-metcon-9-mujer/148192
REEBOK NANO 2.0,"82,50 €",-15%,/zapatillas/adidas-supernova-2/167941
NIKE ROMALEOS 4 SE,"210,00 €","140,00 €",/zapatillas/adidas-adizero-sl/167943
NIKE ROMALEOS 4 - UNISEX,"199,95 €",-20%,/zapatillas/adidas-powerlift-5-unisex/108845
NIKE SAVALEOS,"110,50 €","79,95 €",/zapatillas/adidas-powerlift-5-unisex/108846
NIKE SAVALEOS,"110,50 €",-25%,/zapatillas/tyr-dropzero-unisex/167877
TYR L-1 LIFTER - UNISEX,"157,49 €","140,00 €",/zapatillas/tyr-l-1-lifter/163689
TYR L-1 LIFTER - UNISEX,"224,99 €",-20%,/zapatillas/nike-metcon-9-amp-mujer/148195
REEBOK LEGACY LIFTER III - MUJER,"199,95 €","140,00 €",/zapatillas/reebok-nano-x3-adventure/162346
TYR CXT-1 TRAINER - MUJER,"123,19 €",-30%,/zapatillas/reebok-nano-x3-adventure/162347
ADIDAS ADIPOWER WEIGHTLIFTING III - UNISEX,"175,99 €","140,00 €",/zapatillas/reebok-nano-x3-mujer/162281
FITTEST FREAKEST LOW,"56,25 €",-30%,/zapatillas/reebok-nano-20/162358
